index,question_id,question_type,stem,option_a,option_b,option_c,option_d,option_e,correct_answer,explanation,topic
0,1,single,A 45-year-old asymptomatic man completes 14 minutes on a Bruce protocol. He has no angina and no ST-segment deviation. What is his Duke treadmill score?,9,14,2,3.4,,B,Duke treadmill score = exercise time - 5 x ST deviation - 4 x angina index = 14.,Stress Testing
1,2,single,A pregnant woman is found to have a rough systolic murmur best heard at the second left intercostal space with a palpable thrill and suprasternal notch radiation. What is the most likely diagnosis?,Physiologic flow murmur of pregnancy,Pulmonary stenosis,Mammary souffle,Mitral valve prolapse,Aortic stenosis,B,A thrill and suprasternal notch transmission indicate a pathologic murmur most consistent with pulmonary stenosis.,Pregnancy
2,3,single,An older patient on long-term amiodarone presents with progressive dyspnea. CT chest suggests interstitial fibrosis and pulmonary function tests show a restrictive pattern. What is the most likely diagnosis?,Amiodarone pulmonary toxicity,Idiopathic pulmonary fibrosis,Pulmonary embolism,COPD exacerbation,Sarcoidosis,A,Amiodarone can cause interstitial pneumonitis and fibrosis with restrictive PFTs.,Pharmacology
3,4,single,A patient develops major gastrointestinal bleeding after receiving alteplase for acute myocardial infarction. Which drug is most appropriate to counter the fibrinolytic effect?,Protamine sulfate,Vitamin K,Aminocaproic acid,Idarucizumab,Fresh frozen plasma,C,Aminocaproic acid is an antifibrinolytic used for severe bleeding after thrombolysis.,Pharmacology
4,5,single,A young patient develops dyspnea and signs of dilated cardiomyopathy after an upper respiratory tract infection. Which organism is classically associated with this presentation?,Staphylococcus aureus,Coxsackie B virus,Mycoplasma pneumoniae,Streptococcus pyogenes,Influenza A,B,Viral myocarditis leading to DCM is classically linked to Coxsackie B virus.,Myocarditis
5,6,single,A patient has yellow eruptive papules over the extensor surfaces. What lipid abnormality is most likely present?,Isolated low HDL,Severe hypertriglyceridemia,Elevated lipoprotein a,Familial hypercholesterolemia,Low LDL,B,Eruptive xanthomas are classic for severe hypertriglyceridemia.,Lipids
6,7,single,Tetralogy of Fallot is classically associated with which vascular anomaly?,Left-sided aortic arch,Interrupted aortic arch,Right-sided aortic arch,Double aortic arch,Aberrant right subclavian artery,C,Tetralogy of Fallot is commonly associated with a right-sided aortic arch.,Congenital
7,8,single,A patient with ischemic heart disease has a holosystolic murmur at the apex and an S3 gallop. What hemodynamic state is most likely present?,Pressure overload,Volume overload,Tamponade physiology,Fixed obstruction,High-output state,B,Ischemic mitral regurgitation causes LV volume overload and may produce an S3.,Valvular
8,9,single,On low-dose dobutamine stress echocardiography a dysfunctional myocardial segment first improves and then worsens at higher doses. What does this biphasic response indicate?,Scar tissue only,Normal myocardium,Viable ischemic myocardium,Pericardial disease,Artifact,C,A biphasic response indicates viable myocardium with inducible ischemia.,Viability
9,10,single,A young adult has exertional syncope. Echocardiography shows increased interventricular septal thickness and a high LVOT gradient. What is the most likely diagnosis?,Dilated cardiomyopathy,Restrictive cardiomyopathy,Hypertrophic obstructive cardiomyopathy,Aortic stenosis,Athlete heart,C,Increased septal thickness with dynamic LVOT obstruction indicates HOCM.,Cardiomyopathy
10,11,single,Platelet aggregation depends on which final common receptor pathway?,Glycoprotein Ib,P2Y12 receptor,Glycoprotein IIb/IIIa,Thromboxane A2 receptor,PAR-1 receptor,C,The GP IIb/IIIa receptor binds fibrinogen and mediates platelet aggregation.,Hematology
11,12,single,For internal jugular venous cannulation the usual needle entry point is located where?,At the suprasternal notch,Between the two heads of sternocleidomastoid,At the mid clavicle,Lateral to the acromion,Over the carotid bifurcation,B,The IJV is commonly accessed at the apex of the triangle between the two SCM heads.,Procedure
12,13,single,A patient with chest pain has negative cardiac enzymes and high QRS voltage on ECG. Echo shows a spade-shaped left ventricular cavity in the apical view. What is the diagnosis?,Apical hypertrophic cardiomyopathy,Dilated cardiomyopathy,Left ventricular noncompaction,Endomyocardial fibrosis,Takotsubo cardiomyopathy,A,A spade-shaped LV cavity is classic for apical HCM.,Cardiomyopathy
13,14,single,Failure of the aorticopulmonary septum to spiral properly results in which congenital lesion?,Persistent truncus arteriosus,Transposition of the great arteries,Tetralogy of Fallot,Tricuspid atresia,Pulmonary atresia,B,Failure of spiral septation causes transposition of the great arteries.,Congenital
14,15,single,A patient has exertional dyspnea and a harsh late-peaking systolic murmur radiating to the carotids with a soft single S2. What is the most likely diagnosis?,Mitral regurgitation,Aortic stenosis,Pulmonary stenosis,HOCM,Atrial septal defect,B,A harsh late-peaking systolic murmur with carotid radiation is classic for AS.,Valvular
15,16,single,A patient has a high-pitched early diastolic murmur best heard along the left sternal border and louder when sitting up and leaning forward. What is the diagnosis?,Mitral stenosis,Pulmonary regurgitation,Aortic regurgitation,Tricuspid regurgitation,VSD,C,This is the classic description of aortic regurgitation.,Valvular
16,17,single,In classic mitral valve prolapse what happens to the click and murmur when the patient stands?,Click moves later and murmur shortens,Click moves earlier and murmur lengthens,No change occurs,Murmur disappears,S2 becomes fixed split,B,Standing decreases LV volume so the MVP click occurs earlier and the murmur becomes longer.,Valvular
17,18,single,A low-frequency sound heard just after S2 at the apex with the bell is most consistent with which finding?,S4 gallop,Opening snap,Pericardial knock,S3 gallop,Tumor plop,D,An S3 is a low-frequency early diastolic sound heard best at the apex.,Heart Sounds
18,19,single,A middle-aged woman collapses during exercise and has a family history of sudden cardiac death. What is the most likely immediate mechanism?,Atrial flutter,Ventricular arrhythmia,Sinus bradycardia,Pericarditis,Pulmonary edema only,B,Exercise-related collapse with a family history of SCD strongly suggests malignant ventricular arrhythmia.,Arrhythmia
19,20,single,A patient with atrial fibrillation has an eGFR of 20 mL per minute and a history of GI bleeding. Which anticoagulation strategy is most appropriate among the following options?,Rivaroxaban full dose,Dabigatran,Warfarin with careful INR monitoring,No anticoagulation ever,Aspirin alone,C,Warfarin is commonly preferred in advanced CKD where DOAC use is limited.,Anticoagulation
20,21,single,A patient with inferior MI develops hypotension and raised JVP with relatively clear lungs. What is the most likely diagnosis?,Left main coronary occlusion,Cardiac tamponade,Right ventricular infarction,Papillary muscle rupture,Massive PE,C,Hypotension plus elevated JVP and clear lungs after inferior MI suggests RV infarction.,ACS
21,22,single,A patient with 3 weeks of fever weight loss splinter hemorrhages a diastolic murmur and a bicuspid aortic valve most likely has which complication?,Pulmonary valve perforation,Aortic root abscess,Left atrial thrombus,RV aneurysm,Cor triatriatum,B,Bicuspid aortic valve endocarditis can extend to cause an aortic root abscess.,Endocarditis
22,23,single,Why may transesophageal echocardiography fail to fully define a prosthetic aortic root abscess?,Poor color Doppler settings,Acoustic shadowing from prosthetic material,Low blood pressure,Right bundle branch block,Obesity only,B,Prosthetic material can create acoustic shadowing and hide periannular abscess extension.,Endocarditis
23,24,single,Which of the following is a major indication for early surgery in infective endocarditis?,Low-grade fever alone,Aortic root abscess,Small vegetation with rapid response,Single positive culture only,Mild anemia,B,Periannular abscess is a strong indication for surgery in IE.,Endocarditis
24,25,single,A 30-year-old pregnant woman with known pulmonary hypertension on sildenafil presents with severe dyspnea fatigue chest tightness cold extremities raised JVP and non-audible blood pressure. What is the most complete diagnosis?,Acute asthma exacerbation,Pulmonary embolism without shock,Decompensated right heart failure with cardiogenic shock due to severe pulmonary hypertension in pregnancy,Isolated left heart failure,Septic shock from pneumonia,C,The stem describes severe PH in pregnancy causing RV failure and shock.,Pulmonary Hypertension
25,26,single,What is the key pathophysiologic reason severe pulmonary hypertension can decompensate during pregnancy?,Pregnancy lowers preload to the RV,The RV cannot handle increased preload and afterload leading to reduced LV filling and low cardiac output,Systemic resistance rises markedly in normal pregnancy,Placental shunting eliminates venous return,Pulmonary vascular resistance always falls to normal,B,Pregnancy increases blood volume and cardiac output which can overwhelm a pressure-loaded RV.,Pulmonary Hypertension
26,27,single,Which murmur typically becomes louder with the Valsalva maneuver?,Aortic stenosis,Mitral regurgitation,Hypertrophic obstructive cardiomyopathy,Tricuspid stenosis,VSD,C,Valsalva reduces preload and intensifies the dynamic murmur of HOCM.,Physical Exam
27,28,single,Which valvular lesion classically has an earlier click and longer murmur with standing?,Aortic stenosis,Mitral valve prolapse,Aortic regurgitation,Mitral stenosis,Tricuspid regurgitation,B,Standing reduces LV volume and accentuates MVP findings.,Physical Exam
28,29,single,What usually happens to the HOCM murmur when the patient squats?,It becomes louder,It softens,It turns into a diastolic murmur,It disappears permanently,No change occurs,B,Squatting increases preload and afterload which reduces dynamic LVOT obstruction.,Physical Exam
29,30,single,Which physical finding is more typical of chronic severe aortic regurgitation than acute severe aortic regurgitation?,Premature mitral valve closure,Narrow pulse pressure,Wide pulse pressure,Soft short diastolic murmur only,Cardiogenic shock,C,Wide pulse pressure is a classic feature of chronic severe AR and may be absent in acute AR.,Valvular
30,31,single,A Duke treadmill score greater than which value is generally considered low risk?,Minus 11,0,Plus 5,Plus 1,Plus 3,C,A Duke treadmill score above 5 indicates low risk.,Stress Testing
31,32,single,Which of the following is an absolute indication to stop an exercise treadmill test?,Mild fatigue,Sustained ventricular tachycardia,Heart rate 120,Sinus arrhythmia,Systolic BP rise of 5 mmHg,B,Sustained VT is an absolute reason to terminate exercise testing.,Stress Testing
32,33,single,Exercise ECG without imaging is generally inappropriate in which baseline ECG pattern?,Sinus rhythm,Preexcitation,Normal axis deviation,First-degree AV block,Incomplete RBBB only,B,Preexcitation makes exercise ECG interpretation unreliable.,Stress Testing
33,34,single,A symptomatic patient has severe chronic aortic regurgitation. What is the definitive next step?,ACE inhibitor and follow-up,TAVR,Surgical aortic valve replacement,Exercise testing,Digoxin,C,Symptomatic severe chronic AR requires valve surgery.,Valvular
34,35,single,An asymptomatic patient has severe AR with preserved EF but LV end-systolic dimension of 67 mm. What is the best management?,Observe only,SAVR,TAVR,Diuretics only,Repeat echo in 2 years,B,Severe AR with marked LV dilation is an indication for surgery even if asymptomatic.,Valvular
35,36,single,A patient with acute severe AR presents with pulmonary edema shock and echo evidence of premature mitral valve closure. What is the best next step?,Beta-blocker infusion,Urgent surgical valve replacement,Exercise testing,Discharge with nifedipine,Serial troponins only,B,Acute severe AR is a surgical emergency.,Valvular
36,37,single,Which initial treatment is most appropriate for hypotensive right ventricular infarction?,High-dose nitrates,Aggressive diuresis,Careful IV fluids,Immediate beta blocker,Morphine infusion only,C,RV infarction is preload dependent so cautious volume loading is useful.,ACS
37,38,single,Which drug class directly blocks the final common pathway of platelet aggregation?,Aspirin,P2Y12 inhibitors,GP IIb/IIIa inhibitors,Vitamin K antagonists,Direct thrombin inhibitors,C,GP IIb/IIIa inhibitors block fibrinogen binding and platelet aggregation.,Pharmacology
38,39,single,What does the term mitral regurgitant orifice usually refer to?,Mitral annular diameter,Valve leaflet thickness,Effective regurgitant orifice area,Mitral inflow area in diastole,Aortic valve area,C,Mitral regurgitant orifice means the effective area through which blood regurgitates in MR.,Echocardiography
39,40,single,Which echo method is most commonly used to estimate effective regurgitant orifice area in mitral regurgitation?,Simpson biplane EF,PISA method,M-mode septal thickness,Bubble study,TAPSE,B,PISA is commonly used to estimate EROA in MR.,Echocardiography
40,41,single,Yellow papules in a patient with nocturia are most likely a clue to which metabolic abnormality?,Hypercalcemia,Severe hypertriglyceridemia,Hypouricemia,Isolated low HDL,Vitamin D deficiency,B,The buzzword clue is the eruptive xanthoma which points to severe hypertriglyceridemia.,Lipids
41,42,single,Tetralogy of Fallot is associated with which chromosomal abnormality?,Turner syndrome,Trisomy 21,22q11 deletion,47 XXY,Williams syndrome,C,TOF is classically linked to 22q11 deletion syndrome.,Congenital
42,43,single,Which syndrome is strongly associated with Tetralogy of Fallot?,Marfan syndrome,DiGeorge syndrome,Noonan syndrome,Kartagener syndrome,Down syndrome,B,DiGeorge syndrome due to 22q11 deletion is associated with TOF.,Congenital
43,44,single,Which maneuver tends to decrease the murmur intensity of HOCM?,Valsalva,Standing,Squatting,Amyl nitrite,Nitroglycerin,C,Squatting increases preload and reduces dynamic obstruction.,Physical Exam
44,45,single,Which maneuver tends to make the midsystolic click of MVP occur later?,Standing,Valsalva,Squatting,Amyl nitrite,Rapid inspiration,C,Squatting increases LV volume and delays the click in MVP.,Physical Exam
45,46,single,A patient develops acute heart failure after a viral prodrome. Which diagnosis best fits the stem?,Acute rheumatic fever,Viral myocarditis,Infective endocarditis,Acute pericarditis only,Stable angina,B,A viral prodrome followed by HF strongly suggests viral myocarditis.,Myocarditis
46,47,single,Which investigation pattern best supports amiodarone pulmonary toxicity?,Obstructive spirometry with hyperinflation,Restrictive PFTs with interstitial changes on CT,Normal PFTs with pleural effusion,Elevated D-dimer only,Upper lobe cavitation,B,Restrictive PFTs and interstitial changes on CT are typical.,Pharmacology
47,48,single,In life-threatening bleeding after fibrinolysis which alternative antifibrinolytic besides aminocaproic acid may be considered?,Protamine,Tranexamic acid,Atropine,Epinephrine,Milrinone,B,Tranexamic acid is another antifibrinolytic option.,Pharmacology
48,49,single,Failure of formation of the aorticopulmonary septum rather than failure to spiral would produce which lesion?,Transposition of great arteries,Persistent truncus arteriosus,Tetralogy of Fallot,Coarctation of aorta,Total anomalous pulmonary venous return,B,Failure of septum formation causes persistent truncus arteriosus.,Congenital
49,50,single,Which pulse character is classically felt in severe aortic stenosis?,Water hammer pulse,Pulsus paradoxus,Pulsus parvus et tardus,Bisferiens pulse,Bounding pulse,C,AS produces a weak delayed carotid upstroke.,Physical Exam
50,51,single,Which pulse character is typical of chronic severe aortic regurgitation?,Pulsus alternans,Corrigan water-hammer pulse,Pulsus paradoxus,Slow-rising pulse,Bigeminal pulse,B,Chronic AR classically causes a collapsing water-hammer pulse.,Physical Exam
51,52,single,A rough ejection systolic murmur at the upper left sternal border with a thrill is most suggestive of which lesion?,Aortic stenosis,Pulmonary stenosis,MR,TR,MVP,B,Pulmonary stenosis is best heard at the upper left sternal border and may have a thrill.,Valvular
52,53,single,An S3 gallop usually reflects which ventricular state in adults?,Concentric pressure overload only,Volume overload with increased filling pressures,Pure bradycardia,Pericardial constriction only,Normal finding in all older adults,B,S3 in adults usually signifies volume overload or reduced ventricular compliance.,Heart Failure
53,54,single,Which dobutamine stress echo finding most strongly suggests contractile reserve and viable myocardium?,Progressive thinning without motion,Improvement in wall motion at low dose,Appearance of pericardial effusion,Fixed akinesis at all doses,Loss of ECG voltage,B,Improved wall motion at low-dose dobutamine suggests viability.,Viability
54,55,single,Which ECG pattern is particularly associated with apical HCM?,Short PR interval,Deep giant T-wave inversion in precordial leads,Diffuse ST elevation,Low-voltage QRS,Alternating bundle branch block,B,Apical HCM often produces giant negative T waves on ECG.,Cardiomyopathy
55,56,single,During IJV cannulation the needle is usually directed toward which landmark from the apex of the SCM triangle?,Umbilicus,Ipsilateral nipple,Contralateral shoulder,Suprasternal notch only,Angle of mandible,B,The classic landmark approach directs the needle toward the ipsilateral nipple.,Procedure
56,57,single,Which congenital lesion can present with cyanosis that improves with squatting?,ASD,Tetralogy of Fallot,PDA,Coarctation,VSD only,B,Squatting increases systemic vascular resistance and reduces right-to-left shunting in TOF.,Congenital
57,58,single,Which statement best describes a physiologic systolic murmur in pregnancy?,Always associated with thrill,Best heard at apex and holosystolic,Can occur without thrill due to increased flow,Always indicates severe stenosis,Always radiates to carotids,C,A benign flow murmur may occur in pregnancy but a thrill argues against it.,Pregnancy
58,59,matching,For each description match the lesion in order. 1 Painless small erythematous macules on palms and soles. 2 Tender nodules in finger pulps. 3 Retinal lesions with pale centers. 4 Linear streaks under nails. Options A Janeway lesions B Osler nodes C Roth spots D Splinter hemorrhages E Clubbing.,Janeway lesions,Osler nodes,Roth spots,Splinter hemorrhages,Clubbing,"A,B,C,D",Janeway are painless Osler are tender Roth are retinal and splinters are linear subungual hemorrhages.,Endocarditis
59,60,single,Which feature makes infective endocarditis particularly high risk and favors urgent surgical discussion?,Low ESR,Aortic root abscess,Normal renal function,Mild leukocytosis,Resolved fever,B,Periannular extension such as root abscess indicates high-risk IE.,Endocarditis
60,61,single,What is the correct first step before starting empiric IV antibiotics in suspected infective endocarditis if the patient is hemodynamically stable?,Start steroids,Obtain blood cultures,Perform exercise ECG,Give thrombolysis,Order CT colonography,B,Multiple blood cultures should be drawn before antibiotics when possible.,Endocarditis
61,62,single,Which organism is classically linked to urinary tract source endocarditis especially in older adults?,Enterococcus,Mycoplasma,Legionella,Clostridium tetani,Bartonella,A,Enterococcal bacteremia from the urinary tract can seed damaged valves.,Endocarditis
62,63,single,Which of the following is an accepted indication for surgery in infective endocarditis?,Small vegetation and no symptoms,Large vegetation with recurrent emboli,Single low-grade fever,Negative cultures only,Mild anemia alone,B,Large mobile vegetation with recurrent embolization supports surgery.,Endocarditis
63,64,single,Which statement about severe pulmonary hypertension in pregnancy is most accurate?,Pregnancy is usually well tolerated,Maternal risk is low if on sildenafil,Maternal mortality is high and pregnancy is generally contraindicated,Cesarean section eliminates all risk,Shock never occurs,C,Severe PH in pregnancy carries high maternal mortality and is generally contraindicated.,Pulmonary Hypertension
64,65,single,Cold extremities raised JVP and non-audible blood pressure in severe pulmonary hypertension most strongly indicate what?,Only mild decompensation,Cardiogenic shock from RV failure,Isolated asthma,Stable compensated PH,Pure vasovagal syncope,B,These are shock signs due to failing RV output.,Pulmonary Hypertension
65,66,single,Which antihypertensive mechanism most directly reduces intraglomerular pressure by dilating the efferent arteriole?,Beta blockers,ACE inhibitors,Dihydropyridine calcium blockers,Alpha agonists,Loop diuretics,B,ACE inhibitors reduce angiotensin II mediated efferent arteriolar constriction.,Physiology
66,67,single,In the coagulation cascade which factor converts prothrombin to thrombin in the common pathway?,Factor VIIa,Factor Xa,Factor XII,Factor VIII,Factor XIII,B,Factor Xa with Va converts prothrombin to thrombin.,Hematology
67,68,single,Which apolipoprotein is present on atherogenic lipoprotein particles and is often used as a marker of particle number?,ApoA1,ApoB,ApoC2,ApoE only,LpX,B,ApoB is carried on LDL VLDL IDL and related atherogenic particles.,Lipids
68,69,single,Which mechanism commonly explains a drug-induced proarrhythmic torsades de pointes?,Shortening of QT interval,Marked QT prolongation,Increase in PR interval alone,Sinus tachycardia only,Loss of P waves,B,QT prolongation can trigger early afterdepolarizations and torsades.,Arrhythmia
69,70,single,For optimal coronary CT angiography image quality what resting heart rate target is usually preferred?,Above 90,Below about 60,Exactly 75,Below 40 only,Heart rate does not matter,B,A lower heart rate improves temporal resolution and image quality in CTCA.,Imaging
70,71,single,Exertional syncope in HOCM is most often concerning because of risk of what event?,Atrial septal rupture,Ventricular tachyarrhythmia and sudden death,Pericardial tamponade,Acute severe AR,Aortic dissection,B,Exertional syncope in HOCM is a red-flag marker for malignant ventricular arrhythmia.,Cardiomyopathy
71,72,single,In advanced CKD with AF why is warfarin often chosen over many DOACs?,Warfarin does not require monitoring,Warfarin is unaffected by GI bleeding,Evidence and dosing of many DOACs are limited in severe renal dysfunction,Warfarin always has lower bleeding risk,Warfarin reverses itself,C,Severe renal impairment limits the use of several DOACs.,Anticoagulation
72,73,single,Which murmur becomes louder when the patient leans forward in held expiration?,Mitral stenosis,Aortic regurgitation,HOCM,TR,Pulmonary stenosis,B,Leaning forward accentuates the murmur of AR.,Physical Exam
73,74,single,In acute severe aortic regurgitation which physical finding may be absent despite major regurgitation?,Shock,Pulmonary edema,Narrowed diastolic filling time,Wide pulse pressure,Tachycardia,D,Wide pulse pressure may be absent in acute severe AR because the LV has not yet adapted.,Valvular
74,75,single,Which echocardiographic sign is associated with acute severe aortic regurgitation?,SAM of mitral valve,Premature mitral valve closure,Fixed ASD shunt,McConnell sign,Apical sparing,B,Premature mitral valve closure reflects rapid LV diastolic pressure rise in acute AR.,Echocardiography
75,76,single,ST-segment elevation in which right-sided lead is most specific for RV infarction?,V1,V2,V3R,V4R,V6R,D,V4R ST elevation is highly suggestive of RV infarction.,ACS
76,77,single,What molecule bridges adjacent activated platelets after GP IIb/IIIa activation?,Albumin,Fibrinogen,vWF only,Heparin,Factor XII,B,Fibrinogen binds GP IIb/IIIa receptors on neighboring platelets.,Hematology
77,78,single,Severe hypertriglyceridemia most increases the risk of which acute complication?,Aortic stenosis,Acute pancreatitis,Complete heart block,Aplastic anemia,Aortic dissection,B,Marked triglyceride elevation is a well-known cause of pancreatitis.,Lipids
78,79,single,Familial chylomicronemia syndrome often presents with which cutaneous finding?,Tendon xanthomas,Eruptive xanthomas,Xanthelasma only,Livedo reticularis,Palmar crease xanthoma,B,Eruptive xanthomas are classic in severe chylomicronemia.,Lipids
79,80,single,A systolic murmur in pregnancy is more likely pathologic rather than physiologic when which sign is present?,Soft intensity,No radiation,Palpable thrill,Variation with posture,Normal S2 splitting,C,A thrill suggests structural disease rather than a benign flow murmur.,Pregnancy
80,81,single,Which formula is correct for the Duke treadmill score?,Exercise time plus ST deviation minus angina index,Exercise time minus 5 times ST deviation minus 4 times angina index,Five times exercise time minus ST deviation,METs minus ST deviation,Heart rate minus ST deviation,B,This is the standard Duke treadmill score formula.,Stress Testing
81,82,single,In prosthetic valve endocarditis a negative or equivocal TEE does not exclude root abscess mainly because of what limitation?,Color Doppler aliasing only,Acoustic shadowing,Lack of sedation,Tricuspid annulus motion,Sinus tachycardia,B,Shadowing from prosthetic material can hide periannular extension.,Endocarditis
82,83,single,Which sign best supports decompensated right heart failure in severe pulmonary hypertension?,Basal crackles only,Raised jugular venous pressure,Bounding carotids,Wide pulse pressure,Water hammer pulse,B,Raised JVP is a classic sign of systemic venous congestion from RV failure.,Pulmonary Hypertension
83,84,single,Which statement about pregnancy and severe pulmonary hypertension is most accurate for counseling?,Risk rises only during labor,The condition is low risk if oxygen saturation is normal,Maternal mortality remains high even with modern therapy,Termination is never considered,Sildenafil is contraindicated in all cases,C,Even with modern therapy severe PH in pregnancy remains very high risk.,Pulmonary Hypertension
84,85,single,A specialist team decides to continue pulmonary vasodilator therapy during pregnancy-associated PAH decompensation. Which drug was already part of this patient's chronic regimen in the lecture-style stem?,Bosentan,Sildenafil,Ivabradine,Digoxin,Verapamil,B,The stem specified chronic sildenafil therapy.,Pulmonary Hypertension
85,86,single,The shock state in severe pulmonary hypertension during pregnancy is best classified as what type?,Pure distributive shock,Mixed but predominantly cardiogenic shock from RV failure,Neurogenic shock,Anaphylactic shock,Hypovolemic shock only,B,The dominant problem is RV pump failure with very low forward flow.,Pulmonary Hypertension
86,87,single,Which sarcomeric gene mutation is classically associated with hypertrophic cardiomyopathy?,CFTR,Beta-myosin heavy chain,Dystrophin,Fibrillin-1,LMNA,B,Sarcomeric protein mutations such as beta-myosin heavy chain are common in HCM.,Genetics
87,88,single,Which ECG clue supports apical hypertrophic cardiomyopathy?,Diffuse low voltage,Deep precordial T-wave inversion,ST elevation in inferior leads,Mobitz I block,Tall peaked P waves,B,Apical HCM commonly produces giant negative T waves in precordial leads.,Cardiomyopathy
88,89,single,Which of the following is a GP IIb/IIIa inhibitor?,Abciximab,Warfarin,Clopidogrel,Aspirin,Fondaparinux,A,Abciximab is a classic GP IIb/IIIa inhibitor.,Pharmacology
89,90,matching,Match the following to the correct concept in order. 1 Murmur increases with Valsalva. 2 Click occurs earlier on standing. 3 Murmur decreases with squatting. 4 Murmur louder leaning forward in expiration. Options A HOCM B MVP C HOCM D Aortic regurgitation E Mitral stenosis.,HOCM,MVP,HOCM,Aortic regurgitation,Mitral stenosis,"A,B,C,D",Valsalva increases HOCM standing accentuates MVP squatting reduces HOCM and leaning forward accentuates AR.,Physical Exam
90,91,single,Which lesion of infective endocarditis is painless rather than painful?,Osler node,Janeway lesion,Tender purpura,Roth spot,Splinter hemorrhage,B,Janeway lesions are painless while Osler nodes are tender.,Endocarditis
91,92,single,Roth spots are best described as what?,Painful toe nodules,Painless palmar macules,Retinal hemorrhages with pale centers,Pustular skin lesions,Nail clubbing,C,Roth spots are retinal lesions with pale centers.,Endocarditis
92,93,single,Splinter hemorrhages in endocarditis are found where?,Tongue,Nail beds,Conjunctiva,Palms,Soles,B,Splinter hemorrhages are linear nail-bed hemorrhages.,Endocarditis
93,94,single,Which native valve abnormality increases risk of aortic valve endocarditis and root abscess?,Mitral valve prolapse without MR,Bicuspid aortic valve,Small secundum ASD,Trivial PR,Innocent murmur,B,A bicuspid aortic valve is a classic substrate for endocarditis and periannular extension.,Endocarditis
94,95,single,In infective endocarditis the appearance of new valvular regurgitation suggests what?,Guaranteed cure,Mechanical complication and higher risk disease,Stable healed disease,Anemia only,No clinical importance,B,New regurgitation implies valve destruction and complicated IE.,Endocarditis
95,96,single,Which of the following is a classic heart failure related indication for surgery in infective endocarditis?,Mild pedal edema only,Acute severe valvular regurgitation causing pulmonary edema,Sinus bradycardia,Normal BNP,Stable chronic dyspnea unchanged for years,B,Heart failure from acute valve dysfunction is a major surgical indication in IE.,Endocarditis
96,97,single,A patient with left-sided IE has a large mobile vegetation and recurrent embolic events despite antibiotics. What is the preferred strategy?,Continue same antibiotics only,Consider early surgery,Stop all anticoagulation and discharge,Repeat treadmill test,Start thrombolysis,B,Large vegetation with recurrent emboli is a surgical indication.,Endocarditis
97,98,single,In a life-threatening pregnancy complicated by severe pulmonary hypertension decompensation what may need to be discussed by the multidisciplinary team?,Smoking cessation only,Termination of pregnancy,Routine home discharge,Permanent bed rest only,Exercise training program,B,Termination may need to be discussed because maternal risk can be extreme.,Pulmonary Hypertension
98,99,single,The S3 gallop is best heard with which part of the stethoscope and where?,Diaphragm at right upper sternal border,Bell at the apex,Bell over carotids,Diaphragm at back,Bell at left neck,B,S3 is low frequency and best heard with the bell at the apex.,Heart Sounds
99,100,single,What is the best concise definition of the effective regurgitant orifice area in mitral regurgitation?,The total mitral annular circumference,The functional area through which regurgitant flow passes,The area of the left atrium,The LVOT area,The valve opening area in diastole,B,EROA is the functional area of the regurgitant lesion in MR.,Echocardiography
100,101,single,"In a patient with suspected pulmonary stenosis during pregnancy, the murmur is best heard at which site?",Right upper sternal border,Left upper sternal border,Apex,Left lower sternal border,Back,B,Pulmonary stenosis is classically heard best at the left upper sternal border.,Valvular
101,102,single,Which of the following findings most strongly supports pathologic rather than physiologic systolic murmur in pregnancy?,Soft grade 1 murmur,No radiation,Palpable thrill,Variation with position,Normal pregnancy state,C,A palpable thrill indicates a pathologic murmur.,Pregnancy
102,103,single,Which antiarrhythmic is notorious for causing thyroid and pulmonary toxicity?,Lidocaine,Amiodarone,Adenosine,Verapamil,Propafenone,B,Amiodarone can cause both thyroid dysfunction and interstitial lung toxicity.,Pharmacology
103,104,single,A patient on amiodarone develops progressive dry cough and dyspnea. What is the first practical step after suspecting drug toxicity?,Increase amiodarone dose,Stop amiodarone and assess severity,Start thrombolysis,Give beta blocker only,No action needed,B,Stopping the offending drug is central once toxicity is suspected.,Pharmacology
104,105,single,Which fibrinolytic complication is most feared and requires immediate cessation of therapy?,Mild gum bleeding,Minor bruising,Intracranial hemorrhage,Epistaxis,Small hematoma,C,Intracranial bleeding is the most catastrophic hemorrhagic complication of thrombolysis.,Pharmacology
105,106,single,A patient with myocarditis most commonly develops heart failure because of what process?,Fixed valvular stenosis,Myocardial inflammation causing systolic dysfunction,Pericardial calcification,Coronary embolism only,Severe anemia,B,Myocardial inflammation impairs contractility and causes systolic dysfunction.,Myocarditis
106,107,single,Which virus is classically linked to dilated cardiomyopathy following myocarditis?,Coxsackie B,EBV,CMV only,Adenovirus only,HSV-2,A,Coxsackie B is the classic exam association.,Myocarditis
107,108,single,Eruptive xanthomas are typically located over which areas?,Palms and eyelids only,Extensor surfaces and buttocks,Soles only,Face and scalp only,Ear lobes only,B,Eruptive xanthomas commonly affect extensor surfaces and buttocks.,Lipids
108,109,single,Severe hypertriglyceridemia usually corresponds to triglyceride levels above approximately:,150 mg/dL,200 mg/dL,500 mg/dL,1000 mg/dL,3000 mg/dL,D,Very severe hypertriglyceridemia with eruptive xanthomas and pancreatitis risk is often around or above 1000 mg/dL.,Lipids
109,110,single,Which congenital lesion classically causes cyanotic spells relieved by squatting?,ASD,PDA,Tetralogy of Fallot,Coarctation,Pulmonary vein stenosis,C,Squatting relieves hypercyanotic spells in TOF.,Congenital
110,111,single,Why does squatting improve cyanosis in TOF?,It lowers venous return,It increases systemic vascular resistance,It lowers pulmonary resistance to zero,It closes the VSD,It reduces oxygen consumption only,B,Increased systemic vascular resistance reduces right-to-left shunting.,Congenital
111,112,single,"In ischemic mitral regurgitation, the murmur is usually best heard where?",Base,Left upper sternal border,Apex,Back only,Supraclavicular area,C,MR is best heard at the apex.,Valvular
112,113,single,A new holosystolic murmur after MI should immediately raise concern for which mechanical complication?,Aortic stenosis,Papillary muscle dysfunction or rupture,Pericarditis only,ASD,Pulmonary stenosis,B,Acute ischemic MR after MI often reflects papillary muscle dysfunction or rupture.,ACS
113,114,single,Which stress echo response pattern suggests scar rather than viability?,Biphasic response,Improvement at low dose only,No contractile improvement at low or high dose,Initial worsening then recovery,Hyperdynamic response,C,A fixed akinetic segment without recruitment suggests scar tissue.,Viability
114,115,single,Viable myocardium is clinically important because it may:,Never recover,Improve after revascularization,Exclude CAD,Make surgery impossible,Cause only diastolic failure,B,Viable dysfunctional myocardium can recover after revascularization.,Viability
115,116,single,Which finding is most typical of HOCM on physical exam?,Diastolic rumble at apex,Systolic murmur that increases with Valsalva,Continuous machinery murmur,Fixed split S2,Opening snap,B,"The dynamic murmur of HOCM increases when preload falls, as in Valsalva.",Cardiomyopathy
116,117,single,Which bedside maneuver usually increases venous return and reduces the HOCM murmur?,Standing,Valsalva strain,Squatting,Nitroglycerin,Amyl nitrite,C,"Squatting increases preload and afterload, reducing obstruction.",Cardiomyopathy
117,118,single,Which platelet receptor is responsible for platelet adhesion to vWF?,GP IIb/IIIa,GP Ib,P2Y12,PAR-1,COX-1,B,GP Ib binds von Willebrand factor and mediates adhesion.,Hematology
118,119,single,Which vessel lies lateral to the internal jugular vein in the neck?,Carotid artery,Subclavian vein,Thoracic duct,Phrenic nerve,Esophagus,A,The carotid artery lies medial to the IJV; the vein is lateral in the classic relationship.,Procedure
119,120,single,Apical hypertrophic cardiomyopathy is most strongly associated with which imaging clue?,Apical aneurysm always,Spade-shaped LV cavity,Large ASD,Severe RV dilation,Constrictive septal bounce,B,A spade-shaped LV cavity is classic for apical HCM.,Cardiomyopathy
120,121,single,Transposition of the great arteries causes what physiologic problem if no mixing lesion exists?,Systemic venous return reaches lungs normally,Parallel circulations with severe cyanosis,Pure left-to-right shunt,Only diastolic failure,No cyanosis,B,"Without mixing, pulmonary and systemic circulations run in parallel causing profound cyanosis.",Congenital
121,122,single,A harsh systolic murmur radiating to the carotids most strongly indicates:,Mitral stenosis,Aortic stenosis,Tricuspid regurgitation,VSD,Pulmonary regurgitation,B,Carotid radiation is a classic feature of AS.,Valvular
122,123,single,"In severe aortic stenosis, exertional syncope is most often due to:",Marked vasodilation with fixed outflow obstruction,Massive PE,Aortic rupture,Mitral stenosis,High output failure,A,Fixed LV outflow obstruction limits augmentation of cardiac output during exertion.,Valvular
123,124,single,Which sign is classic in chronic severe aortic regurgitation?,Opening snap,Bounding pulses,Midsystolic click,Fixed split S2,Pulsus paradoxus,B,Chronic severe AR produces bounding pulses and wide pulse pressure.,Valvular
124,125,single,Which maneuver accentuates the murmur of aortic regurgitation?,Squatting,Leaning forward in expiration,Standing from squat,Valsalva strain only,Handgrip release,B,AR is best heard with the patient leaning forward at end-expiration.,Valvular
125,126,single,Mitral valve prolapse results from which basic mechanism?,Valve commissural fusion,Leaflet billowing into left atrium during systole,Leaflet calcification only,Aortic root dilation,Pulmonary hypertension,B,MVP is systolic billowing of mitral leaflets into the LA.,Valvular
126,127,single,Which murmur becomes softer with handgrip?,Mitral regurgitation,Aortic regurgitation,HOCM,VSD,TR,C,Handgrip increases afterload and generally reduces the murmur of HOCM.,Physical Exam
127,128,single,An S3 is produced during which phase?,Atrial contraction,Rapid passive ventricular filling,Isovolumic contraction,Late systole,Aortic valve closure,B,S3 occurs during early diastolic rapid filling.,Heart Sounds
128,129,single,Exertional collapse with family history of sudden death should prompt evaluation for all except:,Hypertrophic cardiomyopathy,Inherited arrhythmia syndrome,Aortic dissection as chronic cause,Catecholaminergic VT,Long QT syndrome,C,"The classic inherited exertional collapse differential includes HCM and arrhythmic syndromes, not chronic aortic dissection.",Arrhythmia
129,130,single,"In AF with eGFR 20 mL/min, which statement is most accurate?",All DOACs are clearly superior,Warfarin remains a common choice with monitoring,Anticoagulation is always contraindicated,Aspirin replaces anticoagulation,No stroke risk exists,B,Advanced CKD often pushes practice toward warfarin with careful monitoring.,Anticoagulation
130,131,single,RV infarction most commonly accompanies infarction of which wall?,Lateral,Anterior,Inferior,High lateral,Septal only,C,RV infarction classically accompanies inferior MI.,ACS
131,132,single,Which bedside clue helps distinguish RV infarction from isolated LV failure after MI?,Basal crackles dominate,Clear lungs with high JVP,Pulsus paradoxus only,Opening snap,Wide pulse pressure,B,"RV infarction often presents with hypotension, raised JVP, and clear lungs.",ACS
132,133,single,"In infective endocarditis, splinter hemorrhages are examples of:",Valve destruction,Peripheral stigmata,Absolute surgical indications,Janeway lesions,Roth spots,B,Splinter hemorrhages are peripheral stigmata of IE.,Endocarditis
133,134,single,Which valve complication most directly causes a new early diastolic murmur in aortic valve endocarditis?,Mitral stenosis,Aortic regurgitation,Tricuspid stenosis,Pulmonary stenosis,ASD,B,A new early diastolic murmur suggests acute aortic regurgitation.,Endocarditis
134,135,single,TEE is especially important in suspected aortic root abscess because transthoracic echo may be limited by:,Too much color flow,Poor acoustic windows,LV hypertrophy only,Sinus tachycardia,PVCs,B,TTE may miss periannular extension because of limited resolution and acoustic windows.,Endocarditis
135,136,single,A patient with suspected root abscess develops heart block. This suggests:,Benign disease,Extension into the conduction system,Recovery phase,Only anemia,Pulmonary embolism,B,Periannular extension can involve the conduction system and cause AV block.,Endocarditis
136,137,single,Which pregnancy-related hemodynamic change most stresses a patient with pulmonary hypertension?,Reduced blood volume,Increased cardiac output,Severe bradycardia,Marked decrease in venous return,Systemic vasoconstriction only,B,"Pregnancy normally raises cardiac output, which may overwhelm the RV in PH.",Pulmonary Hypertension
137,138,single,"In severe PAH with RV failure, the raised JVP reflects:",Left atrial pressure only,Systemic venous congestion from RV dysfunction,Hyperthyroidism,Normal pregnancy state,Aortic regurgitation,B,RV failure causes systemic venous congestion and raised JVP.,Pulmonary Hypertension
138,139,single,Cold extremities in cardiogenic shock primarily reflect:,Peripheral vasodilation,Peripheral vasoconstriction due to low output,Hyperthermia,Anaemia only,Increased pulse pressure,B,Low cardiac output causes compensatory peripheral vasoconstriction.,Shock
139,140,single,Which term best describes shock caused predominantly by failing right ventricular forward flow in severe PH?,Distributive shock,Cardiogenic shock,Hypovolemic shock,Septic shock,Obstructive shock only,B,"The dominant mechanism is pump failure with low output, i.e., cardiogenic shock.",Shock
140,141,single,Which murmur usually increases with standing?,Aortic stenosis,HOCM and MVP-related findings,Mitral stenosis,PDA,TR from RV failure,B,Standing reduces LV volume and accentuates HOCM and MVP findings.,Physical Exam
141,142,single,Which lesion typically produces a wide fixed split S2?,Aortic stenosis,ASD,HOCM,MVP,Pulmonary edema,B,ASD classically causes a wide fixed split S2.,Congenital
142,143,single,Which congenital lesion depends on prostaglandin to maintain ductal patency in the newborn with TGA before definitive management?,Small PDA closure,Mixing-dependent severe cyanotic lesion,Mild pulmonary stenosis,TOF after repair,Isolated ASD,B,Ductal patency may be critical to improve mixing in TGA.,Congenital
143,144,single,Which echo finding is classic for HOCM?,Global LV dilation,Systolic anterior motion of the mitral valve,Aortic root abscess,Fixed ASD shunt,McConnell sign,B,SAM of the mitral valve is classic in obstructive HCM.,Echocardiography
144,145,single,What is the mechanism of systolic anterior motion in HOCM?,Rheumatic fusion,Dynamic Venturi/drag forces in narrowed LVOT,Aortic dissection,Pericardial knock,Tricuspid tethering,B,Dynamic flow forces pull the anterior mitral leaflet toward the septum.,Echocardiography
145,146,single,Which lipid abnormality is most associated with tendon xanthomas rather than eruptive xanthomas?,Severe hypertriglyceridemia,Familial hypercholesterolemia,Low HDL,Hypobetalipoproteinemia,Low ApoB,B,Tendon xanthomas are classic in familial hypercholesterolemia.,Lipids
146,147,single,Which apolipoprotein activates lipoprotein lipase?,ApoA1,ApoB100,ApoC-II,ApoE,Apo(a),C,ApoC-II activates lipoprotein lipase.,Lipids
147,148,single,Which formula best describes mean arterial pressure conceptually?,DBP plus pulse pressure,CO times SVR plus CVP approximation,HR divided by SV,Stroke volume times heart rate squared,SBP minus DBP only,B,MAP is driven by cardiac output and systemic vascular resistance.,Physiology
148,149,single,The renin-angiotensin-aldosterone system raises blood pressure mainly by:,Reducing sodium reabsorption,Vasoconstriction and sodium retention,Only slowing heart rate,Increasing vagal tone,Lowering aldosterone,B,RAAS increases pressure through vasoconstriction and sodium-water retention.,Physiology
149,150,single,Which factor is part of the intrinsic coagulation pathway?,Factor VII,Factor XII,Tissue factor,Factor III only,Thrombomodulin,B,Factor XII belongs to the intrinsic pathway.,Hematology
150,151,single,The common coagulation pathway begins with activation of:,Factor VIII,Factor X,Factor XII,Factor VII,Protein C,B,Activation of factor X starts the common pathway.,Hematology
151,152,single,Which lipid-lowering therapy has the strongest effect on triglycerides among common oral agents?,Ezetimibe,Fibrate,Bile acid resin,Niacin is obsolete only,Aspirin,B,Fibrates are particularly effective for triglyceride lowering.,Lipids
152,153,single,Drug-induced torsades is usually due to which ionic effect?,Shortened repolarization,Delayed repolarization with prolonged QT,Short PR interval,Enhanced AV nodal conduction,Shortened QRS only,B,QT prolongation from delayed repolarization predisposes to torsades.,Arrhythmia
153,154,single,Which antiarrhythmic class is most associated with torsades due to QT prolongation?,Class IB only,Class IA and III,Class II only,Class IV only,Adenosine,B,Class IA and many class III agents prolong QT.,Arrhythmia
154,155,single,"For coronary CT angiography, beta blockers are often used to:",Raise heart rate,Lower heart rate and improve image quality,Increase coronary calcification,Treat PE,Enhance renal perfusion,B,A lower heart rate improves temporal resolution for CTCA.,Imaging
155,156,single,What is the preferred patient instruction regarding breath-holding during CT coronary angiography?,No breath-hold needed,Stillness and short breath-hold help reduce motion artifact,Forceful hyperventilation is required,Lie prone,Deep coughing is encouraged,B,Motion reduction is crucial for image quality.,Imaging
156,157,single,A patient with HOCM and syncope should be risk stratified for:,Valve surgery only,ICD consideration,Thrombolysis,Mitral valvotomy,TAVI,B,Syncope in HCM is a major risk marker prompting ICD consideration.,Cardiomyopathy
157,158,single,Which family history detail is especially concerning in HCM?,Hypertension in elderly parent,Sudden death at young age,Diabetes in sibling,Hyperlipidemia in uncle,Stroke at 90,B,Young sudden death in relatives is a major risk factor.,Cardiomyopathy
158,159,single,Which antiplatelet drug blocks ADP-mediated platelet activation?,Aspirin,Clopidogrel,Warfarin,Enoxaparin,Abciximab,B,Clopidogrel inhibits the P2Y12 ADP receptor.,Pharmacology
159,160,single,Aspirin reduces platelet activation by inhibiting:,Factor Xa,COX-1 mediated thromboxane A2 synthesis,GP Ib,Thrombin receptor,ApoB,B,Aspirin irreversibly inhibits platelet COX-1.,Pharmacology
160,161,single,"In severe aortic stenosis, which symptom triad is classic?",Fever edema palpitations,Angina syncope dyspnea,Cough hemoptysis wheeze,Fatigue jaundice ascites,Headache flushing diarrhea,B,"The classic triad is angina, syncope, and dyspnea.",Valvular
161,162,single,Which finding best suggests acute rather than chronic MR after MI?,Longstanding LA enlargement,Flash pulmonary edema and shock,Giant left atrium,Calcified annulus,Water hammer pulse,B,Acute MR after MI causes abrupt pulmonary edema and hemodynamic collapse.,ACS
162,163,single,Which lesion gives a pansystolic murmur that increases with inspiration?,Mitral regurgitation,Tricuspid regurgitation,Aortic stenosis,Pulmonary stenosis,MVP,B,Right-sided murmurs like TR increase with inspiration.,Valvular
163,164,single,Carvallo sign refers to increased intensity of which murmur with inspiration?,AR,TR,MS,AS,MVP,B,Carvallo sign describes inspiratory augmentation of TR.,Physical Exam
164,165,single,Which congenital lesion is most associated with maternal rubella?,PDA,TOF,TGA,Coarctation,Truncus,A,Rubella is classically associated with PDA.,Congenital
165,166,single,Which congenital lesion is associated with 22q11 deletion besides TOF?,Truncus arteriosus,PDA due to rubella,Ebstein anomaly,TAPVR,Bicuspid aortic valve only,A,Conotruncal abnormalities such as truncus arteriosus are linked to 22q11 deletion.,Congenital
166,167,single,Which of the following best defines EROA in MR?,Anatomic mitral annulus size,Functional area of regurgitant jet origin,LA appendage size,LVOT area,Mitral valve area in diastole,B,EROA refers to the effective area through which regurgitation occurs.,Echocardiography
167,168,single,PISA in MR is based on the principle of:,Laminar flow in aorta only,Flow convergence proximal to a regurgitant orifice,Fixed pressure half-time only,Valve calcification,Color gain artifact,B,PISA measures flow convergence to estimate regurgitant flow and EROA.,Echocardiography
168,169,single,Which MR parameter generally indicates more severe regurgitation?,Tiny vena contracta,Larger EROA,Lower regurgitant volume,Small jet only,Normal LA size,B,A larger EROA indicates more severe MR.,Echocardiography
169,170,single,Which prosthetic valve complication may mimic persistent fever and murmur after treatment?,Valve thrombosis or paravalvular abscess,Only dehydration,Stable sinus rhythm,Benign flow murmur,Hyperthyroidism,A,Persistent infection signs raise concern for prosthetic complications like abscess.,Endocarditis
170,171,single,Which organism is classically associated with prosthetic valve endocarditis early after surgery?,Viridans streptococci only,Staphylococcus epidermidis,Coxiella only,TB,Candida only,B,Coagulase-negative staphylococci are classic in early prosthetic valve IE.,Endocarditis
171,172,single,A patient with severe PH in pregnancy has syncope. This symptom is worrisome because it may indicate:,Recovered RV function,Critically low cardiac output,Mild disease only,Anxiety only,Normal pregnancy physiology,B,Syncope in severe PH suggests dangerously reduced output.,Pulmonary Hypertension
172,173,single,Which vasopressor is often favored in cardiogenic shock with severe hypotension?,Nitroglycerin,Norepinephrine,Amlodipine,Isosorbide,Hydralazine,B,Norepinephrine is commonly used to support pressure in shock.,Shock
173,174,single,Which inotrope may be considered to support RV contractility in selected shock states?,Dobutamine,Warfarin,Digoxin alone for all shock,Ezetimibe,Verapamil,A,Dobutamine may improve contractility if blood pressure can tolerate it.,Shock
174,175,single,Why must diuretics be used carefully in RV infarction?,Because RV infarction needs high afterload,Because excessive preload reduction can worsen output,Because they always cause torsades,Because they raise JVP,Because they improve RV output regardless volume,B,"RV infarction is preload dependent, so overdiuresis can worsen hypotension.",ACS
175,176,single,Which ECG lead pattern best supports inferior MI?,I and aVL elevation,II III aVF elevation,V1-V4 elevation,Diffuse ST depression only,aVR elevation only,B,"Inferior MI presents with ST elevation in II, III, and aVF.",ACS
176,177,single,Aortic root abscess in IE should be suspected when fever is accompanied by:,Improving murmur,New conduction abnormality,Stable PR interval only,Painless xanthelasma,Water hammer pulse only,B,New conduction defects suggest periannular extension.,Endocarditis
177,178,single,Which physical sign is most classically associated with chronic severe AR?,Malar flush,De Musset head bobbing,Pulsus paradoxus,Midsystolic click,Opening snap,B,Head bobbing with each heartbeat is one of the classic peripheral signs of chronic AR.,Physical Exam
178,179,single,Which lesion is most likely if a mid-systolic click is followed by a late systolic murmur?,MVP,AS,MS,AR,TR,A,This is the classic auscultatory pattern of mitral valve prolapse.,Valvular
179,180,single,"In MVP, which maneuver tends to lengthen the murmur?",Squatting,Leg raise,Standing,Handgrip,Passive leg raise,C,"Standing reduces LV volume, bringing on earlier prolapse and a longer murmur.",Physical Exam
180,181,single,Which chamber enlargement is common in chronic severe MR?,RA only,LA and LV enlargement,RV hypertrophy only,Small LA,No chamber change,B,Chronic MR causes volume overload of both LA and LV.,Valvular
181,182,single,Which chamber is primarily pressure-loaded in pulmonary hypertension?,Left atrium,Left ventricle,Right ventricle,Aorta,Pulmonary veins,C,Pulmonary hypertension imposes pressure overload on the RV.,Pulmonary Hypertension
182,183,single,The most common cause of death in untreated severe pulmonary arterial hypertension is:,Left main rupture,Progressive right heart failure,Acute AR only,Aortic dissection,Liver failure primary,B,Progressive RV failure is the terminal pathway in severe PAH.,Pulmonary Hypertension
183,184,single,Which parameter is most useful to estimate RV systolic pressure on echo in the absence of pulmonic stenosis?,Mitral inflow E/A,TR jet velocity,Aortic VTI only,LA strain,LV mass,B,TR velocity allows estimation of RVSP via Bernoulli equation.,Echocardiography
184,185,single,Which bedside sign best suggests elevated right-sided filling pressure?,Bounding carotids,Raised JVP,Water hammer pulse,Narrow pulse pressure only,Pistol-shot femorals,B,Raised JVP is the classic bedside sign.,Physical Exam
185,186,single,Which medication class is generally avoided in pregnancy-associated pulmonary hypertension because of teratogenicity?,Endothelin receptor antagonists,Oxygen therapy,Diuretics ever,Heparin,Calcium,A,Endothelin receptor antagonists are teratogenic and generally avoided in pregnancy.,Pulmonary Hypertension
186,187,single,Which anticoagulant is preferred over warfarin in pregnancy when anticoagulation is necessary in many settings?,Warfarin always,Heparin-based therapy,Rivaroxaban,Dabigatran,Edoxaban,B,Heparins are generally preferred because they do not cross the placenta.,Pregnancy
187,188,single,Which congenital lesion classically causes differential cyanosis when Eisenmenger physiology develops?,PDA,ASD,VSD always,TOF,TGA,A,PDA with reversed shunting can cause differential cyanosis affecting lower extremities more.,Congenital
188,189,single,Which sign is most typical of constrictive pericarditis rather than restrictive cardiomyopathy?,Loud S1,Pericardial knock,Water hammer pulse,Midsystolic click,Wide fixed split S2,B,A pericardial knock is classically heard in constrictive pericarditis.,Pericardium
189,190,single,Which layer of the pericardium is directly adherent to the heart?,Fibrous pericardium,Parietal serous pericardium,Visceral serous pericardium,Pleura,Endocardium,C,The visceral serous pericardium is the epicardium.,Pericardium
190,191,single,The mitral valve normally has how many leaflets?,1,2,3,4,5,B,The mitral valve has anterior and posterior leaflets.,Anatomy
191,192,single,The aortic valve normally has how many cusps?,1,2,3,4,5,C,The normal aortic valve is tricuspid.,Anatomy
192,193,single,Which murmur is best heard at the left lower sternal border and increases with Valsalva?,HOCM,AS,MS,TR,PDA,A,The HOCM murmur is often heard along the left sternal border and increases with Valsalva.,Physical Exam
193,194,single,"In chronic severe AR, LV remodeling is primarily due to:",Pure pressure overload,Volume overload,No load change,Only RV overload,Only atrial overload,B,AR causes chronic LV volume overload.,Valvular
194,195,single,Which echo measurement helps quantify severity of AS?,Mitral EROA,Aortic valve area,TAPSE only,LA size only,TR vena contracta,B,Aortic valve area is central to grading AS severity.,Echocardiography
195,196,single,Which finding favors severe AS?,Mean gradient 10 mmHg,Aortic valve area 0.7 cm2,Wide-open valve,No symptoms ever,Bounding pulse,B,An AVA of 0.7 cm2 is in the severe range.,Echocardiography
196,197,single,Which lesion classically gives a machinery murmur?,PDA,ASD,MS,AR,PS,A,A continuous machinery murmur is classic for PDA.,Congenital
197,198,single,Which congenital lesion is most strongly associated with maternal lithium exposure?,Ebstein anomaly,TOF,Coarctation,Truncus,TGA,A,Ebstein anomaly is the classic association.,Congenital
198,199,single,Which stress test variable is directly used in Duke score besides exercise time?,LV ejection fraction,ST deviation and angina index,METs only,Troponin level,BP only,B,"The score uses time, ST deviation, and angina index.",Stress Testing
199,200,single,"A patient exercises 8 minutes, has 2 mm ST depression, and exercise-limiting angina. What is the Duke treadmill score?",-10,-12,0,+2,+8,A,DTS = 8 - (5x2) - (4x2) = 8 -10 -8 = -10.,Stress Testing
